{
    "HeroQuiz": [
        {
            "PutRequest": {
                "Item": {
                    "Id": {
                        "N": "75"
                    },
                    "Question": {
                        "S": "Who is Nightcrawlers mother?"
                    },
                    "option1": {
                        "S": "Jean Grey"
                    },
                    "option2": {
                        "S": "Emma Frost"
                    },
                    "option3": {
                        "S": "Rogue"
                    },
                    "option4": {
                        "S": "Mystique"
                    },
                    "answer": {
                        "N": "4"
                    }
                }
            }
        },
        {
            "PutRequest": {
                "Item": {
                    "Id": {
                        "N": "76"
                    },
                    "Question": {
                        "S": "Gambit was member of thieves guild while his wife was in the assasins guild.  What was her name?"
                    },
                    "option1": {
                        "S": "Bella Donna Boudreaux"
                    },
                    "option2": {
                        "S": "Shanna Le Trow"
                    },
                    "option3": {
                        "S": "Cherie Be Doe"
                    },
                    "option4": {
                        "S": "Anna Marie Le Beau"
                    },
                    "answer": {
                        "N": "1"
                    }
                }
            }
        },
        {
            "PutRequest": {
                "Item": {
                    "Id": {
                        "N": "77"
                    },
                    "Question": {
                        "S": "In the comics, how were Hawkeye and Mockingbird related?"
                    },
                    "option1": {
                        "S": "Best friends"
                    },
                    "option2": {
                        "S": "College roommates"
                    },
                    "option3": {
                        "S": "Married"
                    },
                    "option4": {
                        "S": "Mortal Enemies"
                    },
                    "answer": {
                        "N": "3"
                    }
                }
            }
        },
        {
            "PutRequest": {
                "Item": {
                    "Id": {
                        "N": "78"
                    },
                    "Question": {
                        "S": "Who did Rogue steal her powers to fly from?"
                    },
                    "option1": {
                        "S": "Carol Danvers"
                    },
                    "option2": {
                        "S": "Ororo munroe"
                    },
                    "option3": {
                        "S": "Emma Frost"
                    },
                    "option4": {
                        "S": "Jessica Drake"
                    },
                    "answer": {
                        "N": "1"
                    }
                }
            }
        },
        {
            "PutRequest": {
                "Item": {
                    "Id": {
                        "N": "79"
                    },
                    "Question": {
                        "S": "Which marauder damaged Angels wings to the point of amputation?"
                    },
                    "option1": {
                        "S": "Scalphunter"
                    },
                    "option2": {
                        "S": "arc light"
                    },
                    "option3": {
                        "S": "riptide"
                    },
                    "option4": {
                        "S": "harpoon"
                    },
                    "answer": {
                        "N": "4"
                    }
                }
            }
        },
        {
            "PutRequest": {
                "Item": {
                    "Id": {
                        "N": "80"
                    },
                    "Question": {
                        "S": "What city does Superman call home?"
                    },
                    "option1": {
                        "S": "Gotham"
                    },
                    "option2": {
                        "S": "Metropolis"
                    },
                    "option3": {
                        "S": "Central City"
                    },
                    "option4": {
                        "S": "Star City"
                    },
                    "answer": {
                        "N": "2"
                    }
                }
            }
        },
        {
            "PutRequest": {
                "Item": {
                    "Id": {
                        "N": "81"
                    },
                    "Question": {
                        "S": "Who played the Joker in Tim Burtons 1989 Batman starring Michael Keaton?"
                    },
                    "option1": {
                        "S": "Cesar Romero"
                    },
                    "option2": {
                        "S": "Heath Ledger"
                    },
                    "option3": {
                        "S": "Jack Nicholson"
                    },
                    "option4": {
                        "S": "Jared Leto"
                    },
                    "answer": {
                        "N": "3"
                    }
                }
            }
        },
        {
            "PutRequest": {
                "Item": {
                    "Id": {
                        "N": "82"
                    },
                    "Question": {
                        "S": "Alicia Silverstone played Batgirl in which batman movie?"
                    },
                    "option1": {
                        "S": "Batman Forever"
                    },
                    "option2": {
                        "S": "Batman and Robin"
                    },
                    "option3": {
                        "S": "Batman Returns"
                    },
                    "option4": {
                        "S": "Batman Begins"
                    },
                    "answer": {
                        "N": "2"
                    }
                }
            }
        },
        {
            "PutRequest": {
                "Item": {
                    "Id": {
                        "N": "83"
                    },
                    "Question": {
                        "S": "Spiderman once wore a black costume that turned out to be an alien symbiote.  The symbiote eventually merged with Eddie Brock to create which villain?"
                    },
                    "option1": {
                        "S": "Venom"
                    },
                    "option2": {
                        "S": "Carnage"
                    },
                    "option3": {
                        "S": "Toxin"
                    },
                    "option4": {
                        "S": "Agony"
                    },
                    "answer": {
                        "N": "1"
                    }
                }
            }
        },
        {
            "PutRequest": {
                "Item": {
                    "Id": {
                        "N": "84"
                    },
                    "Question": {
                        "S": "Illyana Rasputin, also known as magik, had what mutant powers?"
                    },
                    "option1": {
                        "S": "teleport through space"
                    },
                    "option2": {
                        "S": "teleport through time"
                    },
                    "option3": {
                        "S": "teleport through space and time"
                    },
                    "option4": {
                        "S": "Her teleportation powers were sorcery, not mutant"
                    },
                    "answer": {
                        "N": "3"
                    }
                }
            }
        },
        {
            "PutRequest": {
                "Item": {
                    "Id": {
                        "N": "85"
                    },
                    "Question": {
                        "S": "Who fixed psylockes blindness by givine her cybernetic eyes?"
                    },
                    "option1": {
                        "S": "Spiral"
                    },
                    "option2": {
                        "S": "longshot"
                    },
                    "option3": {
                        "S": "The doctor"
                    },
                    "option4": {
                        "S": "Mojo"
                    },
                    "answer": {
                        "N": "4"
                    }
                }
            }
        },
        {
            "PutRequest": {
                "Item": {
                    "Id": {
                        "N": "86"
                    },
                    "Question": {
                        "S": "Who is Jessica Jones married to?"
                    },
                    "option1": {
                        "S": "Luke Cage"
                    },
                    "option2": {
                        "S": "Matt Murdock"
                    },
                    "option3": {
                        "S": "Foggy Nelson"
                    },
                    "option4": {
                        "S": "Zebediah Killgrave"
                    },
                    "answer": {
                        "N": "1"
                    }
                }
            }
        },
        {
            "PutRequest": {
                "Item": {
                    "Id": {
                        "N": "87"
                    },
                    "Question": {
                        "S": "Name Peter Parkers parents?"
                    },
                    "option1": {
                        "S": "Richard and Mary Jane Parker"
                    },
                    "option2": {
                        "S": "Peter and Jane Parker"
                    },
                    "option3": {
                        "S": "Richard and Mary Parker"
                    },
                    "option4": {
                        "S": "Flash and Felicia Parker"
                    },
                    "answer": {
                        "N": "3"
                    }
                }
            }
        },
        {
            "PutRequest": {
                "Item": {
                    "Id": {
                        "N": "88"
                    },
                    "Question": {
                        "S": "In Guardians of the Galaxy, how much of a plan did Peter Quill have?"
                    },
                    "option1": {
                        "S": "12 per cent"
                    },
                    "option2": {
                        "S": "15 per cent"
                    },
                    "option3": {
                        "S": "50 per cent"
                    },
                    "option4": {
                        "S": "80 per cent"
                    },
                    "answer": {
                        "N": "1"
                    }
                }
            }
        },
        {
            "PutRequest": {
                "Item": {
                    "Id": {
                        "N": "89"
                    },
                    "Question": {
                        "S": "Who did Peter Quill name his star ship after?"
                    },
                    "option1": {
                        "S": "Tiffani Amber Thiesen"
                    },
                    "option2": {
                        "S": "Alyssa Milano"
                    },
                    "option3": {
                        "S": "Christina Applegate"
                    },
                    "option4": {
                        "S": "Jennifer Aniston"
                    },
                    "answer": {
                        "N": "2"
                    }
                }
            }
        },
        {
            "PutRequest": {
                "Item": {
                    "Id": {
                        "N": "90"
                    },
                    "Question": {
                        "S": "Tony starks father is?"
                    },
                    "option1": {
                        "S": "Howard Stark"
                    },
                    "option2": {
                        "S": "Preston Stark"
                    },
                    "option3": {
                        "S": "Nick Stark"
                    },
                    "option4": {
                        "S": "Edwin Stark"
                    },
                    "answer": {
                        "N": "1"
                    }
                }
            }
        },
        {
            "PutRequest": {
                "Item": {
                    "Id": {
                        "N": "91"
                    },
                    "Question": {
                        "S": "Which Guardian of the Galaxy is related to Thanos?"
                    },
                    "option1": {
                        "S": "Rocket"
                    },
                    "option2": {
                        "S": "Drax"
                    },
                    "option3": {
                        "S": "Groot"
                    },
                    "option4": {
                        "S": "Gamora"
                    },
                    "answer": {
                        "N": "4"
                    }
                }
            }
        },
        {
            "PutRequest": {
                "Item": {
                    "Id": {
                        "N": "92"
                    },
                    "Question": {
                        "S": "You never see Luke Cage bleed because why?"
                    },
                    "option1": {
                        "S": "He has no blood"
                    },
                    "option2": {
                        "S": "He is unbreakable skin"
                    },
                    "option3": {
                        "S": "He is never injured"
                    },
                    "option4": {
                        "S": "It is just too gory to show"
                    },
                    "answer": {
                        "N": "2"
                    }
                }
            }
        },
        {
            "PutRequest": {
                "Item": {
                    "Id": {
                        "N": "93"
                    },
                    "Question": {
                        "S": "In the ant-man movie, where does Scott work after leaving prison?"
                    },
                    "option1": {
                        "S": "Pim tech"
                    },
                    "option2": {
                        "S": "Long John silvers"
                    },
                    "option3": {
                        "S": "Baskin Robbins"
                    },
                    "option4": {
                        "S": "Taco Bell"
                    },
                    "answer": {
                        "N": "3"
                    }
                }
            }
        },
        {
            "PutRequest": {
                "Item": {
                    "Id": {
                        "N": "94"
                    },
                    "Question": {
                        "S": "What was Stan Lees cameo in Avengers Age of Ulton?"
                    },
                    "option1": {
                        "S": "Security Guard"
                    },
                    "option2": {
                        "S": "Random Citizen"
                    },
                    "option3": {
                        "S": "a drunk general"
                    },
                    "option4": {
                        "S": "Fed Ex delivery guy"
                    },
                    "answer": {
                        "N": "3"
                    }
                }
            }
        },
        {
            "PutRequest": {
                "Item": {
                    "Id": {
                        "N": "95"
                    },
                    "Question": {
                        "S": "What video game did tony stark catch a shield agent playing in the avengers movie?"
                    },
                    "option1": {
                        "S": "pac man"
                    },
                    "option2": {
                        "S": "Defender"
                    },
                    "option3": {
                        "S": "space invaders"
                    },
                    "option4": {
                        "S": "Galaga"
                    },
                    "answer": {
                        "N": "4"
                    }
                }
            }
        },
        {
            "PutRequest": {
                "Item": {
                    "Id": {
                        "N": "96"
                    },
                    "Question": {
                        "S": "What was Steven Stranges occupation before he became the sorceror supreme?"
                    },
                    "option1": {
                        "S": "surgeon"
                    },
                    "option2": {
                        "S": "psychologist"
                    },
                    "option3": {
                        "S": "podiatrist"
                    },
                    "option4": {
                        "S": "Chiropractor"
                    },
                    "answer": {
                        "N": "1"
                    }
                }
            }
        },
        {
            "PutRequest": {
                "Item": {
                    "Id": {
                        "N": "97"
                    },
                    "Question": {
                        "S": "What career did Spiderman try out after he developed his powers??"
                    },
                    "option1": {
                        "S": "Weightlifting"
                    },
                    "option2": {
                        "S": "Gymnastics"
                    },
                    "option3": {
                        "S": "Wrestling"
                    },
                    "option4": {
                        "S": "Boxing"
                    },
                    "answer": {
                        "N": "3"
                    }
                }
            }
        },
        {
            "PutRequest": {
                "Item": {
                    "Id": {
                        "N": "98"
                    },
                    "Question": {
                        "S": "What is the limitation on Cyclops optic beam power?"
                    },
                    "option1": {
                        "S": "He can throttle it back to a light blast"
                    },
                    "option2": {
                        "S": "He can't control it"
                    },
                    "option3": {
                        "S": "He has no limitations"
                    },
                    "option4": {
                        "S": "It has blinded him"
                    },
                    "answer": {
                        "N": "2"
                    }
                }
            }
        },
        {
            "PutRequest": {
                "Item": {
                    "Id": {
                        "N": "99"
                    },
                    "Question": {
                        "S": "Who did Storm marry?"
                    },
                    "option1": {
                        "S": "Black Panther"
                    },
                    "option2": {
                        "S": "Cyclops"
                    },
                    "option3": {
                        "S": "Wolverine"
                    },
                    "option4": {
                        "S": "Angel"
                    },
                    "answer": {
                        "N": "1"
                    }
                }
            }

        }
    ]
}
